Uuid,Void/Retire,Fully specified name:es,Fully specified name:en,Short name:es,Short name:en,Description:es,Data class,Data type,_version:1,_order:1002
bce2b1af-98b1-48a2-98a2-3e4ffb3c79c2,,Unidades de empaque de inventario,Inventory packaging units,Unidades de empaque,Packaging units,Conjunto controlado de unidades usadas para recibir almacenar y mover artículos de inventario.,ConvSet,N/A,,
3bbfaa44-d5b8-404d-b4c1-2bf49ad8ce25,,Motivos de ajuste de inventario,Inventory adjustment reasons,Motivos de ajuste,Adjustment reasons,Conjunto controlado de motivos que justifican un ajuste manual de existencias.,ConvSet,N/A,,
47f0825e-8648-47c2-b847-d3197ed6bb72,,Motivos de toma de inventario,Stock take reasons,Motivos de toma,Stock take reasons,Conjunto controlado de motivos para realizar un conteo físico de inventario.,ConvSet,N/A,,
2e1e8049-9cbe-4a2d-b1e5-8a91e5d7d97d,,Tipos de fuente de inventario,Stock source types,Tipos de fuente,Source types,Conjunto controlado para clasificar el origen de los artículos de inventario.,ConvSet,N/A,,
6d24eb6e-b42f-4706-ab2d-ae4472161f6a,,Categorías de artículos de inventario,Stock item categories,Categorías de inventario,Stock categories,Conjunto controlado para clasificar artículos administrados por Stock Management.,ConvSet,N/A,,
f1ce74fb-0760-4381-88f6-1d72d2d7b692,,Unidad de empaque de inventario: Caja,Inventory packaging unit: Box,Caja,Box,Unidad administrativa de empaque para inventario.,Units of Measure,N/A,,
3eb4aa1c-4847-4274-84b5-acff62db1ef7,,Unidad de empaque de inventario: Frasco,Inventory packaging unit: Bottle,Frasco,Bottle,Unidad administrativa de empaque para inventario.,Units of Measure,N/A,,
17a6ff79-64bf-4a1d-82c0-a96f0226a72b,,Unidad de empaque de inventario: Blíster,Inventory packaging unit: Blister,Blíster,Blister,Unidad administrativa de empaque para inventario.,Units of Measure,N/A,,
76c6d712-37a3-41ec-8251-d2a678b56013,,Unidad de empaque de inventario: Paquete,Inventory packaging unit: Package,Paquete,Package,Unidad administrativa de empaque para inventario.,Units of Measure,N/A,,
63005cf1-b64a-4b9b-9e2d-96886ecc9ba2,,Motivo de ajuste de inventario: Vencimiento,Inventory adjustment reason: Expired,Vencimiento,Expired,Existencia retirada o ajustada por fecha de vencimiento.,Misc,N/A,,
f4d53c51-8a0c-48d5-87aa-f134a1201951,,Motivo de ajuste de inventario: Daño o deterioro,Inventory adjustment reason: Damaged,Daño o deterioro,Damaged,Existencia dañada o deteriorada que no puede utilizarse.,Misc,N/A,,
c2a1d32d-7915-4551-8744-006597644a25,,Motivo de ajuste de inventario: Pérdida,Inventory adjustment reason: Lost,Pérdida,Lost,Existencia faltante cuya pérdida fue confirmada.,Misc,N/A,,
8e7bd8a4-1550-4a0a-8946-6214af7016e7,,Motivo de ajuste de inventario: Hallazgo en conteo,Inventory adjustment reason: Found during count,Hallazgo en conteo,Found during count,Existencia adicional encontrada durante un conteo físico.,Misc,N/A,,
d54fb56b-25ee-4b90-be87-c15aff12d541,,Motivo de ajuste de inventario: Corrección de registro,Inventory adjustment reason: Record correction,Corrección de registro,Record correction,Corrección documentada de un error previo de registro.,Misc,N/A,,
969e4223-a0d6-4712-b922-2ae8f5529e19,,Motivo de toma de inventario: Conteo rutinario,Stock take reason: Routine count,Conteo rutinario,Routine count,Conteo físico programado como parte de la operación regular.,Misc,N/A,,
5e0e225b-573b-46b3-901d-52eae2d0a87e,,Motivo de toma de inventario: Auditoría,Stock take reason: Audit,Auditoría,Audit,Conteo físico realizado por una auditoría de inventario.,Misc,N/A,,
2d937af5-9d27-4872-86df-f67b994cb7aa,,Motivo de toma de inventario: Investigación de discrepancia,Stock take reason: Discrepancy investigation,Investigación de discrepancia,Discrepancy investigation,Conteo para investigar una diferencia de existencias.,Misc,N/A,,
84ad9db5-bfc0-41c2-a2f0-c375d3dfcd53,,Motivo de toma de inventario: Cambio de responsable,Stock take reason: Custodian handover,Cambio de responsable,Custodian handover,Conteo realizado al transferir la responsabilidad del inventario.,Misc,N/A,,
d9faecd7-55f8-4ecc-9c1d-2aa6f6896002,,Tipo de fuente de inventario: Proveedor,Stock source type: Supplier,Proveedor,Supplier,Proveedor externo de artículos de inventario.,Misc,N/A,,
401f103e-8cd6-465f-8ec5-b728001e8c74,,Tipo de fuente de inventario: Donación,Stock source type: Donation,Donación,Donation,Origen correspondiente a una donación documentada.,Misc,N/A,,
1721c2c7-716c-454f-8afa-9c70e33acb91,,Tipo de fuente de inventario: Transferencia de otro establecimiento,Stock source type: Facility transfer,Transferencia de otro establecimiento,Facility transfer,Origen correspondiente a una transferencia desde otro establecimiento de salud.,Misc,N/A,,
f5ee51ce-be47-4ad7-b32a-b5b45bb8e6a6,,Tipo de fuente de inventario: Almacén central,Stock source type: Central warehouse,Almacén central,Central warehouse,Origen correspondiente al almacén central de la red.,Misc,N/A,,
28a915ce-c7e4-4d3e-9cdd-dbd906f1fa50,,Categoría de inventario: Medicamento,Stock category: Medicine,Medicamento,Medicine,Artículo farmacéutico administrado como medicamento.,Misc,N/A,,
1eae81d1-8598-460d-8122-440e31dba294,,Categoría de inventario: Dispositivo médico,Stock category: Medical device,Dispositivo médico,Medical device,Dispositivo médico o material biomédico administrado en inventario.,Misc,N/A,,
54b1b5d2-6a79-40ef-b28c-699c6bde50da,,Categoría de inventario: Insumo de laboratorio,Stock category: Laboratory supply,Insumo de laboratorio,Laboratory supply,Reactivo o material consumible utilizado por laboratorio.,Misc,N/A,,
623dd598-f7d2-4829-a4a3-4ef771575332,,Categoría de inventario: Vacuna,Stock category: Vaccine,Vacuna,Vaccine,Vacuna administrada con control de lote y vencimiento.,Misc,N/A,,
5b289e74-3386-4fb1-bef3-41f27aa88345,,Categoría de inventario: Otro insumo clínico,Stock category: Other clinical supply,Otro insumo clínico,Other clinical supply,Artículo clínico que no corresponde a las demás categorías de inventario.,Misc,N/A,,
